{
  "accuracy": 0.718,
  "classification_report": {
    "creeping": {
      "precision": 0.7887323943661971,
      "recall": 0.7272727272727273,
      "f1-score": 0.7567567567567568,
      "support": 77.0
    },
    "crawling": {
      "precision": 0.7558139534883721,
      "recall": 0.8333333333333334,
      "f1-score": 0.7926829268292683,
      "support": 78.0
    },
    "stooping": {
      "precision": 0.7473684210526316,
      "recall": 0.6396396396396397,
      "f1-score": 0.6893203883495146,
      "support": 111.0
    },
    "climbing": {
      "precision": 0.5902777777777778,
      "recall": 0.7264957264957265,
      "f1-score": 0.6513409961685823,
      "support": 117.0
    },
    "other": {
      "precision": 0.7884615384615384,
      "recall": 0.7008547008547008,
      "f1-score": 0.7420814479638009,
      "support": 117.0
    },
    "accuracy": 0.718,
    "macro avg": {
      "precision": 0.7341308170293034,
      "recall": 0.7255192255192255,
      "f1-score": 0.7264365032135846,
      "support": 500.0
    },
    "weighted avg": {
      "precision": 0.7279125549502646,
      "recall": 0.718,
      "f1-score": 0.7192890552664764,
      "support": 500.0
    }
  },
  "confusion_matrix": [
    [
      56,
      7,
      0,
      11,
      3
    ],
    [
      1,
      65,
      5,
      7,
      0
    ],
    [
      2,
      5,
      71,
      22,
      11
    ],
    [
      7,
      4,
      13,
      85,
      8
    ],
    [
      5,
      5,
      6,
      19,
      82
    ]
  ]
}