{
  "accuracy": 0.718,
  "classification_report": {
    "creeping": {
      "precision": 0.775,
      "recall": 0.8051948051948052,
      "f1-score": 0.7898089171974523,
      "support": 77.0
    },
    "crawling": {
      "precision": 0.7647058823529411,
      "recall": 0.8333333333333334,
      "f1-score": 0.7975460122699386,
      "support": 78.0
    },
    "stooping": {
      "precision": 0.7777777777777778,
      "recall": 0.5675675675675675,
      "f1-score": 0.65625,
      "support": 111.0
    },
    "climbing": {
      "precision": 0.6608695652173913,
      "recall": 0.6495726495726496,
      "f1-score": 0.6551724137931034,
      "support": 117.0
    },
    "other": {
      "precision": 0.6690647482014388,
      "recall": 0.7948717948717948,
      "f1-score": 0.7265625,
      "support": 117.0
    },
    "accuracy": 0.718,
    "macro avg": {
      "precision": 0.7294835947099098,
      "recall": 0.73010803010803,
      "f1-score": 0.7250679686520989,
      "support": 500.0
    },
    "weighted avg": {
      "precision": 0.7225154136537317,
      "recall": 0.718,
      "f1-score": 0.7150612209901043,
      "support": 500.0
    }
  },
  "confusion_matrix": [
    [
      62,
      4,
      0,
      2,
      9
    ],
    [
      6,
      65,
      2,
      2,
      3
    ],
    [
      2,
      11,
      63,
      19,
      16
    ],
    [
      9,
      3,
      11,
      76,
      18
    ],
    [
      1,
      2,
      5,
      16,
      93
    ]
  ]
}